,,,2010,,,,2011,,,,2012,,,,2013,,,,2014,,,
Ward14CD,Ward name,Local Authority,Fatal,Serious,Slight,Total,Fatal,Serious,Slight,Total,Fatal,Serious,Slight,Total,Fatal,Serious,Slight,Total,Fatal,Serious,Slight,Total
E05000026,Abbey,Barking and Dagenham,1,4,40,45,0,1,35,36,0,3,35,38,0,6,39,45,0,2,41,43
E05000027,Alibon,Barking and Dagenham,0,1,16,17,0,2,21,23,1,1,25,27,0,2,22,24,0,2,24,26
E05000028,Becontree,Barking and Dagenham,0,3,20,23,0,4,23,27,0,1,14,15,1,0,21,22,0,3,20,23
E05000029,Chadwell Heath,Barking and Dagenham,0,1,27,28,0,5,19,24,0,2,27,29,0,6,30,36,2,4,29,35
E05000030,Eastbrook,Barking and Dagenham,0,2,19,21,1,3,14,18,0,5,16,21,0,0,14,14,0,2,9,11
E05000031,Eastbury,Barking and Dagenham,0,2,33,35,0,4,37,41,0,2,26,28,0,0,22,22,0,5,41,46
E05000032,Gascoigne,Barking and Dagenham,0,2,29,31,0,2,32,34,0,3,13,16,0,1,26,27,0,2,30,32
E05000033,Goresbrook,Barking and Dagenham,0,1,14,15,1,1,15,17,0,2,12,14,0,0,17,17,0,1,14,15
E05000034,Heath,Barking and Dagenham,1,2,18,21,0,2,23,25,0,2,19,21,0,2,14,16,0,2,18,20
E05000035,Longbridge,Barking and Dagenham,0,1,26,27,1,1,17,19,0,2,11,13,0,2,22,24,0,2,17,19
E05000036,Mayesbrook,Barking and Dagenham,0,3,20,23,0,1,25,26,0,4,24,28,2,2,19,23,0,1,21,22
E05000037,Parsloes,Barking and Dagenham,0,1,14,15,0,1,14,15,0,2,23,25,0,0,16,16,0,2,21,23
E05000038,River,Barking and Dagenham,0,3,20,23,0,6,15,21,0,1,19,20,0,1,21,22,0,1,28,29
E05000039,Thames,Barking and Dagenham,1,5,44,50,0,5,76,81,1,8,59,68,1,4,47,52,0,3,76,79
E05000040,Valence,Barking and Dagenham,0,3,30,33,0,1,20,21,0,0,21,21,0,3,20,23,0,3,25,28
E05000041,Village,Barking and Dagenham,0,2,11,13,0,1,12,13,0,1,17,18,0,2,11,13,0,2,14,16
E05000042,Whalebone,Barking and Dagenham,0,4,22,26,1,1,25,27,0,3,27,30,1,1,25,27,0,1,34,35
E05000043,Brunswick Park,Barnet,0,3,23,26,1,7,22,30,0,2,24,26,0,2,15,17,0,0,18,18
E05000044,Burnt Oak,Barnet,0,5,38,43,0,4,34,38,0,1,22,23,0,3,29,32,0,8,24,32
E05000045,Childs Hill,Barnet,2,5,70,77,0,6,60,66,0,6,61,67,0,11,65,76,0,6,56,62
E05000046,Colindale,Barnet,0,2,26,28,1,1,28,30,1,3,15,19,0,4,28,32,0,0,22,22
E05000047,Coppetts,Barnet,0,3,53,56,0,7,53,60,1,7,30,38,0,5,40,45,0,5,41,46
E05000048,East Barnet,Barnet,0,3,13,16,0,3,14,17,0,2,15,17,1,3,16,20,0,2,12,14
E05000049,East Finchley,Barnet,1,5,30,36,0,5,31,36,0,6,22,28,0,5,26,31,0,1,34,35
E05000050,Edgware,Barnet,1,2,53,56,0,5,47,52,1,5,52,58,0,7,51,58,0,2,52,54
E05000051,Finchley Church End,Barnet,1,8,53,62,1,5,42,48,0,3,41,44,1,5,50,56,1,4,37,42
E05000052,Garden Suburb,Barnet,0,5,65,70,1,8,62,71,0,5,46,51,0,5,42,47,1,5,54,60
E05000053,Golders Green,Barnet,1,11,81,93,0,1,78,79,1,8,62,71,1,5,52,58,0,6,67,73
E05000054,Hale,Barnet,0,1,30,31,1,2,49,52,0,1,29,30,2,2,16,20,0,4,34,38
E05000055,Hendon,Barnet,0,10,69,79,0,11,63,74,0,6,63,69,0,5,46,51,0,4,60,64
E05000056,High Barnet,Barnet,0,4,42,46,1,6,18,25,1,6,39,46,0,4,30,34,2,2,30,34
E05000057,Mill Hill,Barnet,0,6,80,86,0,12,58,70,0,9,60,69,2,6,65,73,0,6,70,76
E05000058,Oakleigh,Barnet,1,2,30,33,0,3,36,39,0,3,38,41,0,7,32,39,0,3,23,26
E05000059,Totteridge,Barnet,0,10,42,52,0,3,30,33,0,2,41,43,0,7,36,43,0,2,27,29
E05000060,Underhill,Barnet,1,1,38,40,1,7,38,46,0,2,45,47,0,3,29,32,0,4,22,26
E05000061,West Finchley,Barnet,0,5,51,56,1,5,43,49,0,5,35,40,0,3,33,36,0,7,32,39
E05000062,West Hendon,Barnet,0,14,108,122,0,7,83,90,3,11,83,97,0,12,90,102,1,9,86,96
E05000063,Woodhouse,Barnet,1,3,42,46,0,6,48,54,0,2,41,43,0,9,35,44,0,2,33,35
E05000064,Barnehurst,Bexley,0,3,21,24,1,4,19,24,0,2,14,16,0,1,25,26,0,1,25,26
E05000065,Belvedere,Bexley,0,1,20,21,0,3,22,25,0,2,14,16,0,0,11,11,0,0,24,24
E05000066,Blackfen and Lamorbey,Bexley,0,1,8,9,0,0,4,4,0,2,7,9,0,1,13,14,0,0,14,14
E05000067,Blendon and Penhill,Bexley,0,2,20,22,0,2,30,32,0,4,31,35,0,1,30,31,0,1,25,26
E05000068,Brampton,Bexley,1,4,14,19,0,1,22,23,0,1,14,15,0,1,11,12,0,1,28,29
E05000069,Christchurch,Bexley,0,8,41,49,0,3,34,37,0,4,37,41,0,5,31,36,0,2,29,31
E05000070,Colyers,Bexley,0,3,9,12,0,0,14,14,0,2,8,10,0,1,8,9,0,0,7,7
E05000071,Crayford,Bexley,0,1,31,32,1,6,35,42,2,3,30,35,1,2,35,38,0,2,28,30
E05000072,Cray Meadows,Bexley,0,6,26,32,1,1,22,24,0,4,22,26,0,0,18,18,0,1,40,41
E05000073,Danson Park,Bexley,0,3,33,36,0,3,25,28,1,3,30,34,0,0,34,34,0,0,27,27
E05000074,East Wickham,Bexley,0,3,15,18,0,1,15,16,0,1,19,20,0,1,18,19,0,1,19,20
E05000075,Erith,Bexley,1,5,27,33,0,2,28,30,0,0,24,24,0,1,16,17,0,1,28,29
E05000076,Falconwood and Welling,Bexley,0,1,17,18,0,2,26,28,0,3,16,19,0,2,12,14,0,2,21,23
E05000077,Lesnes Abbey,Bexley,0,1,10,11,0,2,5,7,0,1,5,6,0,0,14,14,0,1,14,15
E05000078,Longlands,Bexley,0,3,16,19,1,2,18,21,0,5,17,22,0,3,14,17,0,2,13,15
E05000079,North End,Bexley,0,1,15,16,0,1,5,6,1,2,8,11,0,3,11,14,0,1,8,9
E05000080,Northumberland Heath,Bexley,0,2,20,22,0,2,16,18,0,1,18,19,0,2,13,15,0,0,18,18
E05000081,St Mary's,Bexley,0,4,27,31,0,3,24,27,0,5,27,32,0,3,24,27,0,3,26,29
E05000082,St Michael's,Bexley,0,1,5,6,1,1,6,8,0,1,5,6,0,0,5,5,0,3,3,6
E05000083,Sidcup,Bexley,0,2,28,30,0,3,16,19,0,2,22,24,0,1,17,18,0,1,20,21
E05000084,Thamesmead East,Bexley,0,2,8,10,0,1,13,14,0,0,8,8,0,2,7,9,1,0,12,13
E05000085,Alperton,Brent,0,2,20,22,0,5,30,35,0,5,31,36,0,3,36,39,0,3,39,42
E05000086,Barnhill,Brent,0,6,32,38,0,2,42,44,0,6,44,50,1,5,23,29,0,1,48,49
E05000087,Brondesbury Park,Brent,1,2,31,34,0,0,20,20,1,2,23,26,0,2,17,19,0,4,24,28
E05000088,Dollis Hill,Brent,0,7,36,43,0,7,27,34,0,3,33,36,0,2,33,35,0,6,40,46
E05000089,Dudden Hill,Brent,1,3,33,37,0,1,33,34,0,3,51,54,0,3,43,46,0,5,40,45
E05000090,Fryent,Brent,0,2,31,33,0,4,33,37,0,5,36,41,2,0,38,40,0,4,38,42
E05000091,Harlesden,Brent,0,2,36,38,0,2,33,35,0,3,39,42,0,7,36,43,0,6,44,50
E05000092,Kensal Green,Brent,0,3,39,42,0,4,31,35,0,6,44,50,0,2,38,40,0,6,39,45
E05000093,Kenton,Brent,0,2,32,34,0,3,29,32,0,1,40,41,0,7,37,44,0,2,41,43
E05000094,Kilburn,Brent,0,5,38,43,1,5,46,52,1,6,36,43,2,4,38,44,0,3,46,49
E05000095,Mapesbury,Brent,1,1,48,50,0,10,33,43,1,5,44,50,0,4,42,46,0,10,39,49
E05000096,Northwick Park,Brent,0,1,25,26,0,4,27,31,0,2,24,26,0,2,17,19,0,2,26,28
E05000097,Preston,Brent,0,3,25,28,0,2,20,22,0,4,27,31,0,2,22,24,0,2,26,28
E05000098,Queens Park,Brent,0,4,30,34,2,2,26,30,0,2,34,36,0,5,34,39,0,6,26,32
E05000099,Queensbury,Brent,0,3,29,32,0,2,30,32,0,4,34,38,0,5,21,26,0,4,36,40
E05000100,Stonebridge,Brent,0,9,59,68,0,5,67,72,0,4,64,68,0,8,70,78,1,8,87,96
E05000101,Sudbury,Brent,0,3,26,29,0,0,25,25,0,1,17,18,0,5,28,33,0,3,24,27
E05000102,Tokyngton,Brent,0,4,37,41,0,2,41,43,1,7,30,38,1,2,38,41,0,3,46,49
E05000103,Welsh Harp,Brent,0,2,34,36,0,3,45,48,0,2,37,39,0,3,39,42,0,2,55,57
E05000104,Wembley Central,Brent,0,9,46,55,0,4,43,47,0,6,37,43,0,4,44,48,1,6,46,53
E05000105,Willesden Green,Brent,0,3,40,43,0,5,37,42,0,8,42,50,0,6,40,46,0,0,44,44
E05000106,Bickley,Bromley,0,4,23,27,1,5,23,29,0,2,20,22,0,0,19,19,0,3,30,33
E05000107,Biggin Hill,Bromley,0,2,14,16,0,2,9,11,0,1,14,15,0,2,13,15,0,2,20,22
E05000108,Bromley Common and Keston,Bromley,0,6,39,45,2,5,43,50,0,4,43,47,1,3,38,42,0,2,51,53
E05000109,Bromley Town,Bromley,2,7,57,66,0,6,64,70,0,8,60,68,2,5,68,75,0,3,64,67
E05000110,Chelsfield and Pratts Bottom,Bromley,0,2,27,29,0,1,17,18,0,1,16,17,0,7,10,17,1,3,28,32
E05000111,Chislehurst,Bromley,0,3,43,46,1,1,35,37,0,8,39,47,0,9,40,49,0,2,43,45
E05000112,Clock House,Bromley,0,5,27,32,0,1,38,39,0,2,35,37,0,2,33,35,0,3,35,38
E05000113,Copers Cope,Bromley,0,8,40,48,0,7,43,50,0,6,26,32,0,2,34,36,0,4,42,46
E05000114,Cray Valley East,Bromley,0,3,27,30,0,1,33,34,0,3,29,32,1,1,27,29,0,4,18,22
E05000115,Cray Valley West,Bromley,0,3,33,36,0,3,35,38,0,8,33,41,0,5,35,40,0,1,34,35
E05000116,Crystal Palace,Bromley,0,1,30,31,0,3,27,30,1,5,32,38,0,3,39,42,0,3,38,41
E05000117,Darwin,Bromley,0,2,12,14,2,3,22,27,0,2,16,18,0,2,17,19,1,0,18,19
E05000118,Farnborough and Crofton,Bromley,0,5,16,21,0,4,25,29,0,1,19,20,0,1,16,17,1,5,34,40
E05000119,Hayes and Coney Hall,Bromley,0,4,22,26,0,3,22,25,0,5,25,30,0,6,23,29,0,1,34,35
E05000120,Kelsey and Eden Park,Bromley,0,3,46,49,0,9,33,42,1,2,29,32,0,3,21,24,0,1,25,26
E05000121,Mottingham and Chislehurst North,Bromley,0,2,19,21,0,0,15,15,1,2,19,22,1,1,12,14,0,2,15,17
E05000122,Orpington,Bromley,0,3,25,28,0,2,36,38,1,2,34,37,0,3,30,33,0,0,32,32
E05000123,Penge and Cator,Bromley,0,10,28,38,0,3,33,36,1,4,44,49,0,3,40,43,0,3,58,61
E05000124,Petts Wood and Knoll,Bromley,0,0,17,17,0,2,17,19,0,2,11,13,0,2,10,12,0,0,20,20
E05000125,Plaistow and Sundridge,Bromley,0,1,23,24,0,5,20,25,1,4,15,20,0,0,28,28,0,2,24,26
E05000126,Shortlands,Bromley,0,4,9,13,0,2,16,18,0,0,11,11,0,1,17,18,0,1,14,15
E05000127,West Wickham,Bromley,0,2,24,26,0,3,29,32,1,7,27,35,0,1,23,24,0,1,30,31
E05000128,Belsize,Camden,0,1,13,14,0,1,13,14,0,0,15,15,0,2,9,11,0,1,22,23
E05000129,Bloomsbury,Camden,0,10,78,88,1,11,75,87,1,15,65,81,0,10,81,91,0,13,110,123
E05000130,Camden Town with Primrose Hill,Camden,1,13,70,84,0,7,71,78,0,8,65,73,0,11,58,69,0,3,81,84
E05000131,Cantelowes,Camden,0,3,36,39,1,5,46,52,0,2,38,40,0,10,34,44,0,2,47,49
E05000132,Fortune Green,Camden,1,2,19,22,0,0,22,22,0,1,17,18,0,2,17,19,0,1,24,25
E05000133,Frognal and Fitzjohns,Camden,0,1,19,20,0,2,19,21,0,1,20,21,0,0,20,20,0,1,19,20
E05000134,Gospel Oak,Camden,0,1,8,9,0,0,13,13,0,0,6,6,0,2,12,14,0,0,11,11
E05000135,Hampstead Town,Camden,1,4,25,30,0,1,17,18,1,4,26,31,0,1,25,26,0,0,23,23
E05000136,Haverstock,Camden,1,3,23,27,0,3,13,16,0,4,17,21,0,4,18,22,0,1,17,18
E05000137,Highgate,Camden,0,5,16,21,0,2,17,19,0,5,17,22,0,5,18,23,0,2,24,26
E05000138,Holborn and Covent Garden,Camden,0,18,136,154,1,18,133,152,2,21,109,132,2,20,127,149,1,18,134,153
E05000139,Kentish Town,Camden,0,6,39,45,0,4,56,60,0,9,37,46,0,4,37,41,0,2,44,46
E05000140,Kilburn,Camden,0,2,16,18,0,1,17,18,1,1,10,12,0,2,18,20,0,2,16,18
E05000141,King's Cross,Camden,0,9,54,63,0,6,56,62,1,12,45,58,0,4,31,35,0,3,48,51
E05000142,Regent's Park,Camden,0,10,75,85,1,8,79,88,0,16,64,80,0,4,56,60,2,6,77,85
E05000143,St Pancras and Somers Town,Camden,1,4,53,58,1,8,44,53,0,4,37,41,0,6,48,54,0,3,54,57
E05000144,Swiss Cottage,Camden,1,3,26,30,0,2,32,34,0,3,21,24,0,2,27,29,0,2,28,30
E05000145,West Hampstead,Camden,1,2,26,29,0,4,15,19,0,3,25,28,0,7,28,35,0,1,38,39
E05009288,Aldersgate,City of London,0,0,8,8,0,1,6,7,0,2,7,9,0,1,8,9,0,1,4,5
E05009289,Aldgate,City of London,0,1,11,12,0,4,10,14,0,1,12,13,0,1,6,7,0,1,2,3
E05009290,Bassishaw,City of London,0,0,2,2,0,0,1,1,0,0,3,3,0,1,1,2,0,0,4,4
E05009291,Billingsgate,City of London,0,3,5,8,0,2,7,9,0,1,2,3,0,1,4,5,0,2,7,9
E05009292,Bishopsgate,City of London,0,1,29,30,0,2,25,27,0,1,40,41,0,6,24,30,0,4,35,39
E05009293,Bread Street,City of London,0,3,9,12,0,4,15,19,0,3,10,13,0,1,8,9,0,0,12,12
E05009294,Bridge,City of London,0,3,10,13,0,1,12,13,0,0,13,13,0,3,13,16,1,3,13,17
E05009295,Broad Street,City of London,0,1,6,7,0,0,10,10,0,2,8,10,0,1,3,4,0,1,7,8
E05009296,Candlewick,City of London,0,0,17,17,0,2,15,17,1,6,18,25,0,2,25,27,0,6,19,25
E05009297,Castle Baynard,City of London,0,3,37,40,0,5,47,52,0,12,43,55,0,8,27,35,2,6,31,39
E05009298,Cheap,City of London,0,0,3,3,0,0,8,8,0,1,3,4,0,1,1,2,0,0,8,8
E05009299,Coleman Street,City of London,1,4,16,21,0,0,11,11,0,3,12,15,0,0,12,12,0,3,14,17
E05009300,Cordwainer,City of London,0,1,7,8,0,3,10,13,0,0,8,8,0,1,6,7,0,1,8,9
E05009301,Cornhill,City of London,0,0,10,10,0,4,17,21,1,1,10,12,0,1,16,17,0,3,16,19
E05009302,Cripplegate,City of London,0,0,1,1,0,0,0,0,0,0,4,4,0,0,1,1,0,0,3,3
E05009303,Dowgate,City of London,0,1,11,12,0,2,10,12,0,0,5,5,0,1,4,5,0,1,6,7
E05009304,Farringdon Within,City of London,0,4,27,31,0,5,27,32,0,4,25,29,0,4,14,18,0,5,29,34
E05009305,Farringdon Without,City of London,0,4,28,32,0,6,21,27,0,3,25,28,0,5,31,36,0,7,26,33
E05009306,Langbourn,City of London,0,1,1,2,0,1,5,6,0,0,0,0,0,0,0,0,0,0,2,2
E05009307,Lime Street,City of London,0,1,3,4,0,0,4,4,0,1,9,10,0,1,3,4,1,0,3,4
E05009308,Portsoken,City of London,0,0,8,8,0,0,7,7,0,0,8,8,1,2,2,5,1,0,7,8
E05009309,Queenhithe,City of London,0,0,0,0,0,0,3,3,0,0,2,2,0,1,1,2,0,0,0,0
E05009310,Tower,City of London,0,2,14,16,0,1,13,14,0,4,21,25,0,7,14,21,0,2,19,21
E05009311,Vintry,City of London,0,3,15,18,0,2,12,14,0,4,17,21,0,3,14,17,0,4,12,16
E05009312,Walbrook,City of London,0,2,16,18,0,2,14,16,0,2,13,15,0,5,16,21,0,1,20,21
E05000146,Addiscombe,Croydon,0,1,26,27,1,2,28,31,0,3,27,30,0,3,17,20,0,2,20,22
E05000147,Ashburton,Croydon,1,2,29,32,0,2,25,27,0,1,32,33,0,2,31,33,0,2,29,31
E05000148,Bensham Manor,Croydon,0,0,24,24,0,4,36,40,1,1,15,17,0,2,33,35,0,2,30,32
E05000149,Broad Green,Croydon,1,6,70,77,1,14,74,89,2,8,76,86,0,5,69,74,1,5,106,112
E05000150,Coulsdon East,Croydon,0,1,18,19,1,0,22,23,0,2,24,26,2,0,10,12,0,2,14,16
E05000151,Coulsdon West,Croydon,0,4,38,42,0,4,24,28,0,9,52,61,0,1,28,29,0,3,38,41
E05000152,Croham,Croydon,1,6,38,45,0,3,31,34,1,2,38,41,2,1,36,39,0,0,27,27
E05000153,Fairfield,Croydon,1,12,82,95,2,11,97,110,0,9,89,98,3,4,101,108,1,10,102,113
E05000154,Fieldway,Croydon,1,0,13,14,0,0,2,2,0,0,11,11,0,0,5,5,0,0,4,4
E05000155,Heathfield,Croydon,0,2,33,35,0,2,41,43,1,9,31,41,1,1,27,29,1,1,34,36
E05000156,Kenley,Croydon,0,2,24,26,0,5,19,24,0,1,15,16,1,1,11,13,1,0,21,22
E05000157,New Addington,Croydon,1,0,14,15,0,2,8,10,0,2,18,20,0,1,10,11,1,0,18,19
E05000158,Norbury,Croydon,0,4,48,52,0,2,47,49,0,6,50,56,0,3,42,45,0,8,49,57
E05000159,Purley,Croydon,0,1,44,45,1,6,46,53,0,5,47,52,0,3,45,48,0,6,41,47
E05000160,Sanderstead,Croydon,0,4,15,19,0,1,16,17,0,2,11,13,0,3,20,23,0,0,15,15
E05000161,Selhurst,Croydon,0,4,29,33,0,5,44,49,0,2,49,51,0,4,45,49,0,2,51,53
E05000162,Selsdon and Ballards,Croydon,0,1,17,18,0,2,19,21,0,2,21,23,0,1,17,18,1,5,19,25
E05000163,Shirley,Croydon,0,1,15,16,1,2,18,21,0,3,12,15,0,1,13,14,1,4,16,21
E05000164,South Norwood,Croydon,0,3,32,35,0,1,35,36,0,5,28,33,0,4,42,46,0,1,32,33
E05000165,Thornton Heath,Croydon,0,3,33,36,1,5,48,54,0,3,39,42,1,3,30,34,0,1,47,48
E05000166,Upper Norwood,Croydon,0,3,43,46,0,5,26,31,0,5,24,29,2,0,39,41,0,1,32,33
E05000167,Waddon,Croydon,0,8,78,86,1,12,80,93,0,6,62,68,0,4,82,86,1,3,72,76
E05000168,West Thornton,Croydon,0,13,54,67,0,2,51,53,0,7,63,70,0,4,55,59,0,2,70,72
E05000169,Woodside,Croydon,0,1,20,21,0,4,23,27,0,3,16,19,1,1,20,22,0,1,24,25
E05000170,Acton Central,Ealing,0,0,21,21,0,1,18,19,0,3,22,25,0,2,16,18,0,1,20,21
E05000171,Cleveland,Ealing,0,1,20,21,0,0,24,24,0,2,19,21,0,1,20,21,0,3,15,18
E05000172,Dormers Wells,Ealing,0,4,26,30,0,4,24,28,0,2,10,12,0,1,29,30,0,1,29,30
E05000173,Ealing Broadway,Ealing,0,2,42,44,0,2,32,34,0,3,40,43,0,4,38,42,0,1,27,28
E05000174,Ealing Common,Ealing,0,4,34,38,1,4,41,46,0,4,47,51,0,4,47,51,0,6,54,60
E05000175,East Acton,Ealing,0,9,83,92,0,6,70,76,2,8,75,85,0,11,90,101,0,8,83,91
E05000176,Elthorne,Ealing,0,2,24,26,0,1,35,36,0,4,25,29,0,4,34,38,0,2,34,36
E05000177,Greenford Broadway,Ealing,0,5,50,55,0,1,49,50,0,4,55,59,1,6,52,59,0,6,82,88
E05000178,Greenford Green,Ealing,0,6,37,43,1,3,35,39,1,1,41,43,0,4,47,51,0,2,58,60
E05000179,Hanger Hill,Ealing,0,5,63,68,0,4,65,69,1,4,64,69,0,4,63,67,0,4,66,70
E05000180,Hobbayne,Ealing,0,2,19,21,0,2,9,11,0,4,20,24,0,1,9,10,0,2,17,19
E05000181,Lady Margaret,Ealing,0,0,11,11,0,1,16,17,0,1,20,21,0,1,13,14,0,1,19,20
E05000182,Northfield,Ealing,0,0,22,22,0,2,13,15,0,1,18,19,0,2,12,14,0,1,18,19
E05000183,North Greenford,Ealing,0,2,11,13,0,3,16,19,0,1,22,23,0,0,12,12,0,0,15,15
E05000184,Northolt Mandeville,Ealing,1,5,50,56,0,3,56,59,1,6,53,60,0,4,49,53,0,6,66,72
E05000185,Northolt West End,Ealing,0,2,36,38,0,5,41,46,0,8,62,70,1,1,57,59,0,9,65,74
E05000186,Norwood Green,Ealing,0,1,35,36,0,2,35,37,0,3,38,41,0,2,41,43,0,2,46,48
E05000187,Perivale,Ealing,0,6,33,39,1,3,26,30,0,5,39,44,0,4,46,50,1,2,50,53
E05000188,South Acton,Ealing,0,9,50,59,1,4,28,33,1,6,36,43,0,5,44,49,0,5,52,57
E05000189,Southall Broadway,Ealing,1,5,62,68,1,3,58,62,1,2,66,69,0,6,61,67,0,8,64,72
E05000190,Southall Green,Ealing,0,4,21,25,0,3,25,28,1,4,24,29,0,1,21,22,0,3,43,46
E05000191,Southfield,Ealing,0,3,15,18,0,2,14,16,0,1,15,16,2,5,16,23,0,1,13,14
E05000192,Walpole,Ealing,0,1,29,30,0,2,29,31,0,1,33,34,0,2,49,51,0,4,33,37
E05000193,Bowes,Enfield,0,8,38,46,0,4,34,38,0,0,33,33,1,3,37,41,1,3,38,42
E05000194,Bush Hill Park,Enfield,0,2,30,32,0,3,30,33,0,4,24,28,0,0,17,17,1,2,33,36
E05000195,Chase,Enfield,1,12,49,62,2,7,48,57,1,7,52,60,2,3,54,59,1,4,39,44
E05000196,Cockfosters,Enfield,0,5,22,27,1,2,22,25,0,3,28,31,0,1,19,20,0,2,32,34
E05000197,Edmonton Green,Enfield,0,5,52,57,0,7,75,82,1,4,58,63,0,4,70,74,0,2,78,80
E05000198,Enfield Highway,Enfield,0,1,28,29,0,5,28,33,0,1,30,31,1,2,34,37,0,3,36,39
E05000199,Enfield Lock,Enfield,0,2,14,16,1,2,19,22,0,3,18,21,0,1,24,25,0,2,23,25
E05000200,Grange,Enfield,1,5,29,35,1,2,21,24,0,3,31,34,0,0,22,22,0,1,22,23
E05000201,Haselbury,Enfield,0,3,25,28,0,2,32,34,0,2,37,39,0,0,26,26,0,3,29,32
E05000202,Highlands,Enfield,0,0,5,5,0,3,10,13,1,7,11,19,0,1,10,11,0,2,10,12
E05000203,Jubilee,Enfield,0,5,37,42,1,2,30,33,1,2,26,29,0,2,24,26,0,2,21,23
E05000204,Lower Edmonton,Enfield,1,4,39,44,0,1,26,27,0,6,30,36,0,4,22,26,0,2,27,29
E05000205,Palmers Green,Enfield,1,7,49,57,1,6,56,63,1,3,32,36,1,3,38,42,0,3,44,47
E05000206,Ponders End,Enfield,0,3,44,47,1,3,40,44,1,6,40,47,0,6,39,45,1,0,35,36
E05000207,Southbury,Enfield,0,4,53,57,1,6,51,58,0,4,48,52,0,8,48,56,0,3,48,51
E05000208,Southgate,Enfield,1,3,23,27,0,2,31,33,0,2,21,23,0,3,19,22,0,1,20,21
E05000209,Southgate Green,Enfield,1,1,53,55,0,5,38,43,0,1,48,49,0,5,39,44,0,2,45,47
E05000210,Town,Enfield,0,0,19,19,1,2,23,26,0,3,22,25,0,4,27,31,0,4,21,25
E05000211,Turkey Street,Enfield,0,3,30,33,0,3,44,47,0,2,45,47,0,2,43,45,0,1,41,42
E05000212,Upper Edmonton,Enfield,1,9,69,79,2,9,74,85,0,8,64,72,1,7,65,73,0,4,78,82
E05000213,Winchmore Hill,Enfield,0,3,27,30,0,2,14,16,0,2,17,19,0,1,15,16,0,1,15,16
E05000214,Abbey Wood,Greenwich,0,2,23,25,0,3,17,20,0,7,22,29,0,1,15,16,2,1,22,25
E05000215,Blackheath Westcombe,Greenwich,1,3,19,23,0,3,27,30,0,2,31,33,0,3,18,21,0,0,22,22
E05000216,Charlton,Greenwich,0,2,16,18,0,1,17,18,0,4,19,23,0,1,10,11,0,0,8,8
E05000217,Coldharbour and New Eltham,Greenwich,0,3,25,28,1,2,28,31,0,4,22,26,0,0,23,23,0,0,28,28
E05000218,Eltham North,Greenwich,0,0,21,21,1,5,23,29,0,1,18,19,0,1,20,21,0,2,23,25
E05000219,Eltham South,Greenwich,2,6,35,43,0,7,53,60,0,5,41,46,0,1,29,30,0,2,43,45
E05000220,Eltham West,Greenwich,0,10,35,45,0,5,44,49,0,3,35,38,0,1,29,30,1,2,42,45
E05000221,Glyndon,Greenwich,0,2,35,37,0,2,31,33,0,1,34,35,0,0,17,17,0,1,28,29
E05000222,Greenwich West,Greenwich,1,11,56,68,0,8,68,76,0,2,54,56,0,3,52,55,0,4,57,61
E05000223,Kidbrooke with Hornfair,Greenwich,0,7,26,33,0,1,33,34,1,6,33,40,0,1,22,23,0,1,27,28
E05000224,Middle Park and Sutcliffe,Greenwich,1,3,40,44,0,4,43,47,0,5,27,32,0,2,32,34,0,1,45,46
E05000225,Peninsula,Greenwich,0,11,74,85,0,11,82,93,1,5,69,75,0,2,87,89,0,7,79,86
E05000226,Plumstead,Greenwich,0,4,34,38,0,3,27,30,0,1,23,24,0,2,28,30,0,1,28,29
E05000227,Shooters Hill,Greenwich,0,5,11,16,0,5,17,22,0,5,14,19,0,1,15,16,0,0,13,13
E05000228,Thamesmead Moorings,Greenwich,0,6,27,33,0,3,36,39,0,3,17,20,0,1,22,23,0,2,23,25
E05000229,Woolwich Common,Greenwich,0,6,50,56,0,11,46,57,1,5,34,40,1,2,45,48,0,2,53,55
E05000230,Woolwich Riverside,Greenwich,0,7,62,69,0,8,61,69,0,7,52,59,0,2,62,64,1,5,48,54
E05009367,Brownswood,Hackney,0,2,19,21,0,4,22,26,0,4,18,22,0,2,11,13,1,1,19,21
E05009368,Cazenove,Hackney,0,5,24,29,0,1,29,30,0,4,30,34,0,5,25,30,0,1,31,32
E05009369,Clissold,Hackney,0,1,11,12,0,4,17,21,0,2,18,20,0,4,17,21,0,2,13,15
E05009370,Dalston,Hackney,0,4,49,53,0,5,52,57,0,16,57,73,0,2,44,46,0,2,51,53
E05009371,De Beauvoir,Hackney,0,4,20,24,1,7,28,36,0,6,34,40,2,2,31,35,0,1,36,37
E05009372,Hackney Central,Hackney,1,7,33,41,0,7,49,56,0,3,52,55,0,6,33,39,0,3,57,60
E05009373,Hackney Downs,Hackney,0,3,28,31,0,3,40,43,0,6,44,50,0,1,41,42,1,3,39,43
E05009374,Hackney Wick,Hackney,0,7,33,40,0,4,44,48,1,6,34,41,0,4,28,32,1,1,42,44
E05009375,Haggerston,Hackney,0,3,22,25,0,1,20,21,0,6,16,22,0,4,22,26,0,0,27,27
E05009376,Homerton,Hackney,1,8,48,57,2,9,36,47,0,5,42,47,0,7,41,48,0,5,45,50
E05009377,Hoxton East and Shoreditch,Hackney,1,11,92,104,0,17,97,114,1,25,89,115,0,11,106,117,0,11,112,123
E05009378,Hoxton West,Hackney,1,2,23,26,0,5,25,30,0,8,26,34,0,4,26,30,0,1,39,40
E05009379,King's Park,Hackney,0,0,15,15,0,1,7,8,0,1,0,1,0,0,7,7,1,0,11,12
E05009380,Lea Bridge,Hackney,0,2,23,25,0,4,17,21,1,4,23,28,0,1,22,23,0,1,30,31
E05009381,London Fields,Hackney,0,6,27,33,0,4,29,33,0,6,42,48,0,3,41,44,0,2,41,43
E05009382,Shacklewell,Hackney,0,0,13,13,0,4,16,20,0,2,28,30,1,1,18,20,0,2,25,27
E05009383,Springfield,Hackney,0,6,38,44,0,3,30,33,0,5,32,37,0,4,39,43,1,4,48,53
E05009384,Stamford Hill West,Hackney,0,1,25,26,0,4,12,16,0,2,25,27,1,0,31,32,0,0,29,29
E05009385,Stoke Newington,Hackney,0,6,43,49,0,6,44,50,0,13,58,71,0,7,51,58,1,2,41,44
E05009386,Victoria,Hackney,1,1,19,21,0,0,18,18,0,3,19,22,0,0,18,18,0,1,20,21
E05009387,Woodberry Down,Hackney,0,12,38,50,0,8,33,41,1,7,22,30,0,6,51,57,1,6,42,49
E05000250,Addison,Hammersmith and Fulham,0,5,30,35,0,2,28,30,0,5,30,35,0,1,21,22,0,5,31,36
E05000251,Askew,Hammersmith and Fulham,0,3,32,35,0,3,45,48,0,3,45,48,0,4,32,36,0,0,35,35
E05000252,Avonmore and Brook Green,Hammersmith and Fulham,0,0,32,32,0,6,37,43,0,2,32,34,0,0,32,32,0,7,40,47
E05000253,College Park and Old Oak,Hammersmith and Fulham,0,10,29,39,0,7,37,44,0,4,53,57,0,4,42,46,0,5,43,48
E05000254,Fulham Broadway,Hammersmith and Fulham,0,5,17,22,0,2,20,22,0,4,20,24,0,1,24,25,1,3,27,31
E05000255,Fulham Reach,Hammersmith and Fulham,0,5,19,24,0,2,31,33,0,8,35,43,1,4,24,29,0,5,31,36
E05000256,Hammersmith Broadway,Hammersmith and Fulham,0,7,57,64,1,9,67,77,0,8,41,49,0,1,50,51,1,11,70,82
E05000257,Munster,Hammersmith and Fulham,0,1,12,13,0,0,15,15,0,2,12,14,0,1,11,12,0,1,13,14
E05000258,North End,Hammersmith and Fulham,0,4,24,28,1,1,27,29,0,2,22,24,2,4,27,33,0,1,26,27
E05000259,Palace Riverside,Hammersmith and Fulham,0,3,23,26,0,5,17,22,0,5,22,27,0,2,21,23,0,2,33,35
E05000260,Parsons Green and Walham,Hammersmith and Fulham,0,3,65,68,0,9,61,70,1,13,37,51,0,5,47,52,0,4,58,62
E05000261,Ravenscourt Park,Hammersmith and Fulham,0,4,40,44,0,1,38,39,0,3,43,46,0,6,40,46,0,0,37,37
E05000262,Sands End,Hammersmith and Fulham,0,6,27,33,0,6,26,32,0,5,24,29,0,4,25,29,0,5,34,39
E05000263,Shepherd's Bush Green,Hammersmith and Fulham,0,10,54,64,1,13,68,82,1,8,64,73,0,6,79,85,1,7,66,74
E05000264,Town,Hammersmith and Fulham,0,5,31,36,0,3,35,38,0,3,36,39,0,3,33,36,0,4,31,35
E05000265,Wormholt and White City,Hammersmith and Fulham,2,0,17,19,0,3,18,21,0,0,20,20,0,1,18,19,0,1,26,27
E05000266,Alexandra,Haringey,0,1,9,10,0,0,6,6,0,1,4,5,0,2,6,8,0,3,15,18
E05000267,Bounds Green,Haringey,1,2,40,43,0,6,37,43,0,2,37,39,0,6,26,32,0,2,32,34
E05000268,Bruce Grove,Haringey,0,5,41,46,0,5,37,42,0,6,47,53,0,3,46,49,0,5,56,61
E05000269,Crouch End,Haringey,0,5,21,26,0,3,21,24,0,6,17,23,0,4,34,38,0,3,33,36
E05000270,Fortis Green,Haringey,0,3,23,26,0,2,22,24,0,6,21,27,0,0,23,23,0,5,14,19
E05000271,Harringay,Haringey,0,5,88,93,0,10,69,79,0,11,70,81,0,10,71,81,2,3,89,94
E05000272,Highgate,Haringey,0,8,35,43,1,5,22,28,0,7,30,37,1,6,31,38,0,7,46,53
E05000273,Hornsey,Haringey,0,4,21,25,0,2,22,24,0,4,19,23,0,2,15,17,0,0,16,16
E05000274,Muswell Hill,Haringey,0,0,19,19,0,1,27,28,0,3,23,26,1,4,19,24,0,0,19,19
E05000275,Noel Park,Haringey,0,6,80,86,0,9,80,89,0,12,61,73,0,12,65,77,0,9,86,95
E05000276,Northumberland Park,Haringey,0,5,46,51,0,5,47,52,0,2,41,43,1,2,49,52,0,9,67,76
E05000277,St Ann's,Haringey,0,4,34,38,0,1,26,27,1,4,31,36,0,3,32,35,0,6,36,42
E05000278,Seven Sisters,Haringey,0,8,40,48,1,8,33,42,0,9,36,45,1,9,47,57,1,5,51,57
E05000279,Stroud Green,Haringey,0,0,8,8,0,2,9,11,0,1,6,7,0,1,11,12,0,0,6,6
E05000280,Tottenham Green,Haringey,0,8,75,83,2,5,83,90,0,10,74,84,1,15,75,91,0,4,101,105
E05000281,Tottenham Hale,Haringey,0,3,31,34,0,2,32,34,1,3,32,36,0,5,26,31,1,6,56,63
E05000282,West Green,Haringey,0,4,37,41,0,2,26,28,0,3,34,37,0,4,26,30,0,4,25,29
E05000283,White Hart Lane,Haringey,0,2,38,40,0,1,35,36,1,3,32,36,0,4,28,32,0,4,30,34
E05000284,Woodside,Haringey,0,4,49,53,0,4,43,47,0,6,38,44,0,5,41,46,0,4,49,53
E05000285,Belmont,Harrow,0,1,13,14,0,0,14,14,0,1,20,21,0,1,14,15,0,0,16,16
E05000286,Canons,Harrow,0,4,38,42,0,4,29,33,0,6,25,31,0,1,19,20,0,4,33,37
E05000287,Edgware,Harrow,0,1,40,41,0,3,32,35,1,3,21,25,0,2,27,29,0,3,23,26
E05000288,Greenhill,Harrow,0,3,35,38,0,3,43,46,0,5,29,34,0,2,24,26,0,7,45,52
E05000289,Harrow on the Hill,Harrow,0,4,30,34,0,2,33,35,0,3,25,28,0,3,23,26,0,2,48,50
E05000290,Harrow Weald,Harrow,0,1,23,24,1,4,22,27,0,3,24,27,0,7,31,38,0,1,28,29
E05000291,Hatch End,Harrow,1,4,22,27,0,0,13,13,1,2,15,18,0,4,25,29,0,2,12,14
E05000292,Headstone North,Harrow,0,2,23,25,0,1,15,16,0,3,14,17,0,0,20,20,0,6,21,27
E05000293,Headstone South,Harrow,0,3,19,22,0,1,12,13,0,1,22,23,0,2,12,14,0,1,16,17
E05000294,Kenton East,Harrow,0,0,26,26,0,2,10,12,0,2,18,20,0,0,3,3,0,3,11,14
E05000295,Kenton West,Harrow,0,1,9,10,0,2,10,12,0,0,12,12,0,2,12,14,0,2,20,22
E05000296,Marlborough,Harrow,0,0,21,21,1,3,19,23,0,2,15,17,0,1,20,21,0,6,28,34
E05000297,Pinner,Harrow,0,1,15,16,0,3,19,22,0,3,10,13,0,1,11,12,0,2,17,19
E05000298,Pinner South,Harrow,0,2,10,12,0,0,2,2,0,0,16,16,0,2,6,8,0,0,11,11
E05000299,Queensbury,Harrow,0,4,19,23,1,1,25,27,0,1,22,23,0,4,24,28,0,1,31,32
E05000300,Rayners Lane,Harrow,0,1,15,16,0,2,13,15,0,1,15,16,0,0,12,12,1,0,23,24
E05000301,Roxbourne,Harrow,0,0,12,12,0,3,14,17,0,1,13,14,0,2,10,12,2,1,20,23
E05000302,Roxeth,Harrow,0,0,19,19,0,4,14,18,0,2,15,17,0,0,17,17,0,3,25,28
E05000303,Stanmore Park,Harrow,0,2,20,22,0,1,9,10,1,3,22,26,1,0,17,18,0,5,18,23
E05000304,Wealdstone,Harrow,0,0,21,21,0,0,17,17,0,1,17,18,0,1,14,15,0,3,21,24
E05000305,West Harrow,Harrow,1,1,9,11,0,1,7,8,0,3,6,9,0,3,10,13,0,0,14,14
E05000306,Brooklands,Havering,0,2,51,53,0,4,50,54,1,3,48,52,1,5,51,57,1,2,53,56
E05000307,Cranham,Havering,0,5,32,37,1,2,50,53,0,0,29,29,0,1,28,29,0,2,23,25
E05000308,Elm Park,Havering,0,3,22,25,1,1,10,12,0,2,17,19,0,0,16,16,0,3,9,12
E05000309,Emerson Park,Havering,0,5,16,21,0,3,13,16,1,3,18,22,0,2,24,26,0,0,19,19
E05000310,Gooshays,Havering,1,3,25,29,1,2,34,37,1,7,29,37,0,2,21,23,1,1,32,34
E05000311,Hacton,Havering,0,1,9,10,0,0,11,11,0,3,11,14,0,0,5,5,0,1,11,12
E05000312,Harold Wood,Havering,0,3,31,34,0,5,39,44,1,4,33,38,0,3,33,36,1,4,41,46
E05000313,Havering Park,Havering,0,0,9,9,1,3,15,19,1,1,18,20,0,2,18,20,0,0,9,9
E05000314,Heaton,Havering,0,4,33,37,0,6,29,35,0,3,30,33,0,7,25,32,0,4,37,41
E05000315,Hylands,Havering,0,3,25,28,0,4,16,20,0,2,18,20,0,2,13,15,0,1,16,17
E05000316,Mawneys,Havering,0,0,27,27,1,2,22,25,0,5,26,31,0,0,22,22,0,4,23,27
E05000317,Pettits,Havering,0,3,32,35,0,3,31,34,1,4,27,32,0,2,36,38,0,1,35,36
E05000318,Rainham and Wennington,Havering,3,6,32,41,2,4,49,55,1,7,40,48,0,4,39,43,0,0,54,54
E05000319,Romford Town,Havering,0,6,62,68,1,5,58,64,0,4,51,55,2,4,39,45,0,4,51,55
E05000320,St Andrew's,Havering,0,1,32,33,0,2,24,26,0,3,19,22,0,1,24,25,0,0,31,31
E05000321,South Hornchurch,Havering,0,6,41,47,0,2,45,47,0,6,48,54,0,2,40,42,0,2,46,48
E05000322,Squirrel's Heath,Havering,0,1,34,35,0,6,21,27,0,3,31,34,0,4,21,25,0,5,35,40
E05000323,Upminster,Havering,0,2,44,46,0,3,24,27,0,3,28,31,1,4,23,28,1,4,28,33
E05000324,Barnhill,Hillingdon,0,2,42,44,0,3,41,44,0,3,38,41,0,3,23,26,0,1,39,40
E05000325,Botwell,Hillingdon,0,3,43,46,0,3,49,52,1,4,45,50,0,2,29,31,0,3,40,43
E05000326,Brunel,Hillingdon,1,10,35,46,0,2,45,47,0,7,40,47,0,5,17,22,0,3,36,39
E05000327,Cavendish,Hillingdon,1,2,19,22,0,0,14,14,0,1,12,13,0,1,7,8,0,0,6,6
E05000328,Charville,Hillingdon,1,0,13,14,0,4,18,22,0,1,16,17,0,0,8,8,0,4,10,14
E05000329,Eastcote and East Ruislip,Hillingdon,0,1,23,24,0,5,26,31,0,1,19,20,0,0,18,18,0,3,19,22
E05000330,Harefield,Hillingdon,0,2,21,23,0,2,13,15,0,2,21,23,0,0,9,9,0,4,12,16
E05000331,Heathrow Villages,Hillingdon,1,9,95,105,2,7,105,114,0,13,128,141,1,12,78,91,1,10,104,115
E05000332,Hillingdon East,Hillingdon,0,1,22,23,1,2,16,19,0,2,11,13,0,0,14,14,0,4,11,15
E05000333,Ickenham,Hillingdon,0,2,31,33,0,4,17,21,1,3,27,31,0,1,19,20,1,3,13,17
E05000334,Manor,Hillingdon,0,4,15,19,0,3,14,17,0,1,19,20,0,1,13,14,0,0,11,11
E05000335,Northwood,Hillingdon,0,1,19,20,0,3,12,15,0,3,17,20,0,2,11,13,0,1,12,13
E05000336,Northwood Hills,Hillingdon,1,1,15,17,0,2,12,14,1,2,14,17,0,1,5,6,0,4,11,15
E05000337,Pinkwell,Hillingdon,1,4,42,47,0,3,36,39,0,5,51,56,0,4,33,37,0,6,53,59
E05000338,South Ruislip,Hillingdon,1,1,70,72,0,1,40,41,0,4,50,54,0,2,37,39,0,5,41,46
E05000339,Townfield,Hillingdon,0,3,54,57,0,2,50,52,1,10,56,67,1,1,43,45,0,5,52,57
E05000340,Uxbridge North,Hillingdon,0,4,47,51,1,2,29,32,1,3,30,34,0,4,24,28,1,4,42,47
E05000341,Uxbridge South,Hillingdon,1,4,36,41,0,3,41,44,0,6,25,31,0,2,22,24,0,0,30,30
E05000342,West Drayton,Hillingdon,0,5,17,22,0,1,24,25,0,1,28,29,0,2,21,23,0,1,21,22
E05000343,West Ruislip,Hillingdon,0,1,21,22,0,2,21,23,0,1,22,23,0,3,12,15,0,2,19,21
E05000344,Yeading,Hillingdon,0,1,40,41,0,7,30,37,0,0,27,27,0,2,21,23,0,2,21,23
E05000345,Yiewsley,Hillingdon,0,7,25,32,1,0,29,30,0,2,22,24,0,4,24,28,1,3,25,29
E05000346,Bedfont,Hounslow,0,5,26,31,0,3,27,30,0,4,26,30,0,1,34,35,0,1,38,39
E05000347,Brentford,Hounslow,2,7,70,79,1,7,68,76,0,6,54,60,1,2,73,76,0,5,66,71
E05000348,Chiswick Homefields,Hounslow,0,1,33,34,1,1,38,40,0,7,38,45,0,5,28,33,0,5,44,49
E05000349,Chiswick Riverside,Hounslow,1,5,22,28,0,4,21,25,0,5,16,21,0,6,42,48,0,4,37,41
E05000350,Cranford,Hounslow,0,6,52,58,0,5,47,52,0,4,56,60,0,4,51,55,0,1,55,56
E05000351,Feltham North,Hounslow,1,5,27,33,2,3,25,30,0,4,33,37,0,6,27,33,1,5,52,58
E05000352,Feltham West,Hounslow,0,0,16,16,0,4,18,22,0,1,18,19,0,2,16,18,0,2,30,32
E05000353,Hanworth,Hounslow,1,0,27,28,0,4,35,39,1,1,40,42,0,3,24,27,1,3,45,49
E05000354,Hanworth Park,Hounslow,0,5,30,35,0,3,36,39,0,4,21,25,0,1,30,31,0,3,46,49
E05000355,Heston Central,Hounslow,0,0,35,35,0,1,33,34,0,3,27,30,0,3,32,35,0,4,21,25
E05000356,Heston East,Hounslow,0,9,24,33,0,5,31,36,0,5,35,40,0,2,31,33,0,3,29,32
E05000357,Heston West,Hounslow,0,5,62,67,0,2,69,71,0,3,59,62,0,3,63,66,0,4,78,82
E05000358,Hounslow Central,Hounslow,0,3,20,23,0,7,34,41,0,6,33,39,0,2,28,30,0,1,37,38
E05000359,Hounslow Heath,Hounslow,0,6,25,31,0,1,33,34,0,2,37,39,0,5,24,29,0,1,36,37
E05000360,Hounslow South,Hounslow,0,2,8,10,0,0,13,13,0,1,9,10,0,0,14,14,0,1,12,13
E05000361,Hounslow West,Hounslow,1,2,30,33,0,1,41,42,0,2,28,30,0,3,31,34,0,4,40,44
E05000362,Isleworth,Hounslow,0,1,15,16,0,4,9,13,0,3,12,15,0,1,13,14,0,0,20,20
E05000363,Osterley and Spring Grove,Hounslow,0,6,54,60,3,2,42,47,1,3,37,41,0,4,38,42,0,3,39,42
E05000364,Syon,Hounslow,0,6,35,41,0,3,47,50,0,3,31,34,1,2,38,41,0,1,46,47
E05000365,Turnham Green,Hounslow,2,9,66,77,0,5,53,58,0,3,50,53,0,4,56,60,0,5,66,71
E05000366,Barnsbury,Islington,0,4,30,34,0,4,39,43,0,2,39,41,0,5,29,34,0,9,50,59
E05000367,Bunhill,Islington,1,7,90,98,0,14,95,109,0,16,88,104,0,14,83,97,0,13,97,110
E05000368,Caledonian,Islington,0,3,32,35,0,8,37,45,0,7,39,46,0,7,30,37,1,4,47,52
E05000369,Canonbury,Islington,0,6,29,35,0,2,33,35,0,6,30,36,2,3,37,42,0,8,28,36
E05000370,Clerkenwell,Islington,0,10,49,59,0,10,58,68,0,14,57,71,0,6,71,77,0,11,65,76
E05000371,Finsbury Park,Islington,1,8,65,74,0,11,76,87,0,8,46,54,1,6,69,76,0,4,72,76
E05000372,Highbury East,Islington,0,2,17,19,0,1,26,27,0,5,17,22,0,1,19,20,0,0,16,16
E05000373,Highbury West,Islington,0,4,38,42,0,4,51,55,0,7,33,40,0,3,42,45,0,4,49,53
E05000374,Hillrise,Islington,0,2,12,14,1,0,13,14,0,4,8,12,0,0,17,17,0,1,14,15
E05000375,Holloway,Islington,0,6,47,53,1,8,57,66,0,10,47,57,0,4,41,45,0,7,51,58
E05000376,Junction,Islington,0,6,50,56,0,7,43,50,0,6,48,54,0,4,32,36,0,5,49,54
E05000377,Mildmay,Islington,0,2,24,26,2,3,23,28,0,2,25,27,0,2,30,32,0,1,26,27
E05000378,St George's,Islington,0,4,35,39,0,5,41,46,0,10,38,48,0,0,42,42,0,2,38,40
E05000379,St Mary's,Islington,0,6,94,100,0,12,96,108,1,11,98,110,0,9,82,91,0,14,95,109
E05000380,St Peter's,Islington,0,4,29,33,0,7,34,41,1,6,33,40,1,0,40,41,0,6,39,45
E05000381,Tollington,Islington,0,2,17,19,0,2,23,25,0,4,17,21,0,6,22,28,0,3,20,23
E05009388,Abingdon,Kensington and Chelsea,0,4,33,37,0,6,43,49,0,5,26,31,0,2,38,40,0,3,49,52
E05009389,Brompton and Hans Town,Kensington and Chelsea,0,7,88,95,0,9,73,82,0,10,70,80,0,9,75,84,0,8,80,88
E05009390,Campden,Kensington and Chelsea,0,1,46,47,0,5,47,52,0,9,23,32,0,3,38,41,0,4,41,45
E05009391,Chelsea Riverside,Kensington and Chelsea,1,10,63,74,0,7,74,81,0,6,61,67,0,8,56,64,1,6,61,68
E05009392,Colville,Kensington and Chelsea,0,3,20,23,0,2,22,24,0,3,21,24,1,3,16,20,0,0,12,12
E05009393,Courtfield,Kensington and Chelsea,0,7,46,53,1,4,49,54,0,4,43,47,0,7,57,64,0,4,38,42
E05009394,Dalgarno,Kensington and Chelsea,1,6,16,23,1,3,31,35,0,2,21,23,0,3,22,25,0,6,25,31
E05009395,Earl's Court,Kensington and Chelsea,0,3,32,35,1,1,33,35,0,5,28,33,0,0,30,30,1,3,33,37
E05009396,Golborne,Kensington and Chelsea,0,3,21,24,0,2,9,11,0,1,20,21,0,2,14,16,0,0,18,18
E05009397,Holland,Kensington and Chelsea,0,4,45,49,1,8,42,51,0,9,36,45,0,2,42,44,0,5,51,56
E05009398,Norland,Kensington and Chelsea,0,3,25,28,0,6,19,25,0,2,28,30,0,3,23,26,0,1,27,28
E05009399,Notting Dale,Kensington and Chelsea,0,0,30,30,2,3,29,34,0,1,35,36,0,4,19,23,0,6,16,22
E05009400,Pembridge,Kensington and Chelsea,0,1,25,26,0,4,22,26,0,3,13,16,0,4,20,24,0,3,25,28
E05009401,Queen's Gate,Kensington and Chelsea,0,2,27,29,0,1,21,22,0,7,29,36,0,2,27,29,0,1,35,36
E05009402,Redcliffe,Kensington and Chelsea,0,4,35,39,0,3,49,52,1,9,39,49,0,1,26,27,0,7,31,38
E05009403,Royal Hospital,Kensington and Chelsea,1,10,46,57,0,9,47,56,0,11,51,62,0,6,42,48,0,7,60,67
E05009404,St Helen's,Kensington and Chelsea,0,3,39,42,0,2,24,26,0,5,22,27,1,1,30,32,0,1,32,33
E05009405,Stanley,Kensington and Chelsea,0,8,36,44,0,6,41,47,0,3,33,36,0,1,51,52,0,6,49,55
E05000400,Alexandra,Kingston upon Thames,0,4,16,20,0,2,14,16,0,1,16,17,0,3,20,23,0,3,17,20
E05000401,Berrylands,Kingston upon Thames,0,0,7,7,0,2,12,14,0,0,8,8,0,0,4,4,0,1,12,13
E05000402,Beverley,Kingston upon Thames,0,2,15,17,0,3,25,28,0,1,22,23,0,1,15,16,0,0,18,18
E05000403,Canbury,Kingston upon Thames,0,2,11,13,0,1,12,13,0,3,12,15,0,2,28,30,0,1,30,31
E05000404,Chessington North and Hook,Kingston upon Thames,0,0,14,14,0,2,7,9,0,1,6,7,0,3,6,9,0,2,11,13
E05000405,Chessington South,Kingston upon Thames,0,3,22,25,1,2,21,24,0,3,17,20,1,7,28,36,0,0,21,21
E05000406,Coombe Hill,Kingston upon Thames,0,3,23,26,0,1,22,23,1,3,24,28,0,6,26,32,0,4,23,27
E05000407,Coombe Vale,Kingston upon Thames,0,1,7,8,0,2,14,16,0,1,10,11,0,0,12,12,0,0,12,12
E05000408,Grove,Kingston upon Thames,0,4,48,52,1,9,42,52,0,5,58,63,0,6,57,63,1,5,63,69
E05000409,Norbiton,Kingston upon Thames,0,7,23,30,0,6,27,33,0,0,30,30,0,3,35,38,0,6,35,41
E05000410,Old Malden,Kingston upon Thames,0,2,16,18,0,1,15,16,0,0,10,10,0,0,16,16,1,0,17,18
E05000411,St James,Kingston upon Thames,0,3,25,28,0,2,35,37,0,5,25,30,0,0,26,26,0,5,19,24
E05000412,St Mark's,Kingston upon Thames,0,2,14,16,0,2,21,23,0,3,16,19,0,0,18,18,0,3,17,20
E05000413,Surbiton Hill,Kingston upon Thames,1,3,17,21,0,2,24,26,0,2,14,16,0,1,25,26,0,2,24,26
E05000414,Tolworth and Hook Rise,Kingston upon Thames,0,5,31,36,0,4,30,34,0,3,28,31,0,2,31,33,0,3,30,33
E05000415,Tudor,Kingston upon Thames,0,2,8,10,0,1,11,12,0,1,11,12,0,0,11,11,0,2,11,13
E05000416,Bishop's,Lambeth,0,25,88,113,2,20,71,93,1,15,74,90,1,17,73,91,0,12,80,92
E05000417,Brixton Hill,Lambeth,0,9,65,74,1,10,71,82,0,11,52,63,0,9,85,94,0,1,91,92
E05000418,Clapham Common,Lambeth,0,4,47,51,1,7,37,45,1,4,39,44,0,4,49,53,0,1,49,50
E05000419,Clapham Town,Lambeth,0,8,44,52,1,9,46,56,0,7,42,49,0,3,38,41,2,5,45,52
E05000420,Coldharbour,Lambeth,0,6,40,46,0,7,47,54,0,3,38,41,0,7,66,73,0,7,54,61
E05000421,Ferndale,Lambeth,0,8,60,68,0,7,36,43,0,11,53,64,2,6,76,84,0,2,61,63
E05000422,Gipsy Hill,Lambeth,0,4,17,21,0,4,14,18,0,2,15,17,0,2,15,17,0,3,14,17
E05000423,Herne Hill,Lambeth,1,11,44,56,1,11,59,71,0,7,31,38,0,4,55,59,1,5,66,72
E05000424,Knight's Hill,Lambeth,0,6,33,39,0,2,22,24,0,4,23,27,0,4,28,32,0,3,36,39
E05000425,Larkhall,Lambeth,0,5,61,66,0,11,48,59,0,10,50,60,0,1,56,57,0,5,68,73
E05000426,Oval,Lambeth,0,17,95,112,0,19,110,129,0,17,87,104,1,15,107,123,1,7,88,96
E05000427,Prince's,Lambeth,0,11,48,59,1,6,33,40,0,10,51,61,1,8,52,61,1,5,41,47
E05000428,St Leonard's,Lambeth,0,6,52,58,1,5,71,77,0,8,67,75,0,8,78,86,2,4,80,86
E05000429,Stockwell,Lambeth,0,3,40,43,1,9,38,48,1,5,44,50,0,2,43,45,0,3,47,50
E05000430,Streatham Hill,Lambeth,0,4,36,40,1,5,40,46,1,4,29,34,1,7,38,46,2,5,55,62
E05000431,Streatham South,Lambeth,0,4,45,49,1,4,39,44,1,5,48,54,0,4,45,49,0,2,44,46
E05000432,Streatham Wells,Lambeth,0,3,25,28,0,3,21,24,1,4,30,35,0,0,23,23,0,3,40,43
E05000433,Thornton,Lambeth,1,1,22,24,0,3,26,29,0,2,18,20,1,4,22,27,0,1,23,24
E05000434,Thurlow Park,Lambeth,0,4,26,30,0,3,38,41,0,3,43,46,0,4,29,33,0,4,45,49
E05000435,Tulse Hill,Lambeth,0,3,24,27,0,4,35,39,0,2,32,34,0,2,29,31,0,4,46,50
E05000436,Vassall,Lambeth,1,8,39,48,0,10,57,67,0,11,43,54,0,4,44,48,0,8,71,79
E05000437,Bellingham,Lewisham,0,6,33,39,0,5,38,43,0,0,34,34,0,1,42,43,0,2,33,35
E05000438,Blackheath,Lewisham,0,3,28,31,0,9,43,52,1,4,37,42,1,4,23,28,0,2,29,31
E05000439,Brockley,Lewisham,0,11,69,80,0,9,85,94,0,9,79,88,1,11,92,104,1,5,97,103
E05000440,Catford South,Lewisham,0,2,27,29,0,6,38,44,0,4,27,31,0,3,26,29,1,1,33,35
E05000441,Crofton Park,Lewisham,0,5,29,34,0,4,13,17,0,3,16,19,0,1,20,21,0,3,32,35
E05000442,Downham,Lewisham,0,9,31,40,0,8,47,55,0,10,46,56,0,1,36,37,1,4,49,54
E05000443,Evelyn,Lewisham,0,7,33,40,0,6,41,47,1,4,42,47,0,2,43,45,0,4,47,51
E05000444,Forest Hill,Lewisham,0,5,30,35,0,1,22,23,0,3,23,26,1,1,40,42,0,0,33,33
E05000445,Grove Park,Lewisham,0,7,35,42,0,5,26,31,0,2,36,38,0,3,31,34,0,2,32,34
E05000446,Ladywell,Lewisham,0,4,21,25,0,4,43,47,0,6,32,38,0,2,26,28,1,1,26,28
E05000447,Lee Green,Lewisham,1,3,24,28,0,2,37,39,0,4,32,36,0,5,37,42,0,1,40,41
E05000448,Lewisham Central,Lewisham,1,3,102,106,1,9,90,100,0,16,105,121,2,5,93,100,1,6,117,124
E05000449,New Cross,Lewisham,0,6,19,25,0,0,33,33,0,6,20,26,0,0,23,23,0,3,39,42
E05000450,Perry Vale,Lewisham,0,7,35,42,0,2,37,39,0,2,26,28,1,0,33,34,0,7,34,41
E05000451,Rushey Green,Lewisham,1,7,78,86,0,9,78,87,0,11,77,88,1,5,84,90,2,6,110,118
E05000452,Sydenham,Lewisham,0,6,38,44,0,7,27,34,0,4,35,39,0,3,31,34,0,1,45,46
E05000453,Telegraph Hill,Lewisham,0,6,30,36,1,9,51,61,1,3,37,41,0,7,38,45,0,4,40,44
E05000454,Whitefoot,Lewisham,0,2,32,34,0,2,35,37,0,5,36,41,0,4,28,32,0,4,18,22
E05000455,Abbey,Merton,0,4,30,34,0,5,42,47,0,6,39,45,0,4,44,48,0,3,63,66
E05000456,Cannon Hill,Merton,0,1,10,11,0,1,10,11,0,6,11,17,0,2,13,15,1,4,18,23
E05000457,Colliers Wood,Merton,0,2,27,29,0,2,26,28,1,2,21,24,0,2,34,36,0,5,39,44
E05000458,Cricket Green,Merton,0,4,41,45,0,8,44,52,0,6,37,43,0,4,37,41,1,7,55,63
E05000459,Dundonald,Merton,0,3,14,17,0,1,16,17,0,0,25,25,0,0,11,11,1,3,11,15
E05000460,Figge's Marsh,Merton,0,3,24,27,0,0,33,33,0,2,30,32,0,1,29,30,0,3,37,40
E05000461,Graveney,Merton,0,0,7,7,0,1,6,7,0,2,8,10,0,0,12,12,0,0,7,7
E05000462,Hillside,Merton,0,4,11,15,0,6,21,27,0,5,14,19,0,1,14,15,0,2,21,23
E05000463,Lavender Fields,Merton,0,1,14,15,0,3,13,16,0,0,14,14,0,0,26,26,0,1,16,17
E05000464,Longthornton,Merton,1,0,16,17,1,1,9,11,0,0,10,10,0,3,16,19,0,1,12,13
E05000465,Lower Morden,Merton,0,0,8,8,0,0,5,5,0,1,14,15,0,3,12,15,0,2,8,10
E05000466,Merton Park,Merton,0,4,22,26,0,2,21,23,0,5,28,33,0,1,22,23,0,2,28,30
E05000467,Pollards Hill,Merton,0,2,19,21,0,0,15,15,0,1,14,15,0,0,20,20,0,1,19,20
E05000468,Ravensbury,Merton,1,2,23,26,0,1,23,24,1,4,18,23,0,4,24,28,0,1,21,22
E05000469,Raynes Park,Merton,0,1,18,19,0,3,10,13,1,3,21,25,0,1,16,17,0,1,20,21
E05000470,St Helier,Merton,0,2,12,14,0,2,11,13,0,6,20,26,0,0,19,19,0,1,22,23
E05000471,Trinity,Merton,0,0,10,10,0,0,7,7,0,0,13,13,0,2,11,13,0,2,11,13
E05000472,Village,Merton,0,1,21,22,0,6,17,23,0,4,19,23,0,2,18,20,0,2,23,25
E05000473,West Barnes,Merton,0,3,13,16,0,1,18,19,0,2,22,24,0,1,21,22,0,3,16,19
E05000474,Wimbledon Park,Merton,0,1,12,13,0,4,19,23,0,2,19,21,0,2,17,19,1,2,21,24
E05000475,Beckton,Newham,2,2,59,63,0,9,45,54,0,4,46,50,0,3,58,61,0,1,42,43
E05000476,Boleyn,Newham,0,1,33,34,0,1,18,19,0,4,32,36,0,0,33,33,0,1,37,38
E05000477,Canning Town North,Newham,0,1,50,51,0,5,37,42,0,3,37,40,0,2,37,39,0,1,37,38
E05000478,Canning Town South,Newham,0,1,36,37,0,4,26,30,1,2,42,45,1,2,32,35,1,2,54,57
E05000479,Custom House,Newham,1,4,21,26,0,2,27,29,1,3,27,31,0,3,19,22,0,2,31,33
E05000480,East Ham Central,Newham,0,4,51,55,0,5,51,56,1,10,46,57,0,4,42,46,1,5,50,56
E05000481,East Ham North,Newham,0,1,13,14,0,0,23,23,1,3,15,19,0,0,15,15,0,4,23,27
E05000482,East Ham South,Newham,0,7,41,48,0,2,56,58,0,4,38,42,0,2,57,59,0,2,47,49
E05000483,Forest Gate North,Newham,0,1,14,15,0,2,15,17,0,3,15,18,0,0,14,14,2,2,23,27
E05000484,Forest Gate South,Newham,0,5,31,36,0,4,34,38,0,2,34,36,0,3,35,38,0,1,31,32
E05000485,Green Street East,Newham,0,3,23,26,0,1,15,16,0,2,30,32,0,3,20,23,0,1,24,25
E05000486,Green Street West,Newham,0,4,29,33,1,4,25,30,0,3,39,42,0,6,25,31,0,7,30,37
E05000487,Little Ilford,Newham,0,5,39,44,0,5,37,42,0,1,29,30,0,2,39,41,1,5,44,50
E05000488,Manor Park,Newham,0,3,30,33,2,2,37,41,0,5,38,43,1,2,30,33,0,1,39,40
E05000489,Plaistow North,Newham,0,3,19,22,0,3,19,22,0,1,20,21,0,2,13,15,0,1,29,30
E05000490,Plaistow South,Newham,0,6,66,72,0,6,63,69,0,2,37,39,0,2,44,46,0,4,33,37
E05000491,Royal Docks,Newham,0,4,15,19,0,3,13,16,0,0,6,6,0,1,8,9,0,3,10,13
E05000492,Stratford and New Town,Newham,2,11,70,83,0,7,78,85,0,17,95,112,1,10,89,100,0,8,120,128
E05000493,Wall End,Newham,0,1,25,26,0,1,30,31,0,2,23,25,0,1,22,23,0,3,23,26
E05000494,West Ham,Newham,0,2,35,37,0,2,23,25,1,1,24,26,0,3,23,26,0,2,23,25
E05000495,Aldborough,Redbridge,1,3,45,49,1,3,42,46,0,6,34,40,0,4,39,43,1,3,33,37
E05000496,Barkingside,Redbridge,0,2,17,19,0,3,21,24,1,2,32,35,0,2,29,31,1,2,26,29
E05000497,Bridge,Redbridge,0,0,14,14,0,2,24,26,0,1,11,12,0,4,16,20,0,2,19,21
E05000498,Chadwell,Redbridge,0,1,20,21,0,3,18,21,0,2,18,20,0,3,22,25,0,1,26,27
E05000499,Church End,Redbridge,2,3,28,33,0,5,29,34,0,3,18,21,0,1,19,20,1,1,28,30
E05000500,Clayhall,Redbridge,0,2,27,29,1,2,41,44,0,8,27,35,0,4,32,36,0,1,38,39
E05000501,Clementswood,Redbridge,0,6,43,49,0,2,57,59,1,1,41,43,0,4,41,45,0,5,59,64
E05000502,Cranbrook,Redbridge,0,4,55,59,0,3,45,48,0,5,46,51,0,2,42,44,0,4,52,56
E05000503,Fairlop,Redbridge,0,3,22,25,0,2,25,27,0,2,19,21,0,2,27,29,0,1,25,26
E05000504,Fullwell,Redbridge,0,2,14,16,0,3,17,20,0,5,21,26,0,1,20,21,0,2,19,21
E05000505,Goodmayes,Redbridge,0,7,23,30,0,2,28,30,0,1,27,28,0,2,31,33,0,2,30,32
E05000506,Hainault,Redbridge,0,3,10,13,0,0,15,15,0,4,10,14,0,1,15,16,0,1,16,17
E05000507,Loxford,Redbridge,0,6,61,67,0,8,53,61,0,9,55,64,0,3,42,45,0,2,60,62
E05000508,Mayfield,Redbridge,0,3,28,31,0,2,17,19,0,3,22,25,0,3,14,17,0,1,28,29
E05000509,Monkhams,Redbridge,0,3,31,34,0,4,26,30,0,6,21,27,0,1,26,27,0,1,27,28
E05000510,Newbury,Redbridge,0,3,42,45,0,3,39,42,0,9,39,48,1,2,33,36,0,2,39,41
E05000511,Roding,Redbridge,0,4,51,55,0,6,47,53,1,6,40,47,0,4,42,46,0,3,42,45
E05000512,Seven Kings,Redbridge,0,6,38,44,0,6,33,39,0,3,46,49,0,3,47,50,0,1,56,57
E05000513,Snaresbrook,Redbridge,0,3,22,25,0,1,23,24,0,1,20,21,1,1,14,16,0,2,19,21
E05000514,Valentines,Redbridge,0,2,31,33,0,4,36,40,0,1,21,22,0,0,22,22,1,4,34,39
E05000515,Wanstead,Redbridge,0,6,34,40,0,2,28,30,1,7,25,33,0,2,29,31,0,2,33,35
E05000516,Barnes,Richmond upon Thames,0,2,14,16,0,3,12,15,0,1,20,21,0,6,17,23,0,3,24,27
E05000517,East Sheen,Richmond upon Thames,1,1,13,15,0,6,13,19,0,2,20,22,0,5,25,30,0,6,26,32
E05000518,Fulwell and Hampton Hill,Richmond upon Thames,0,2,14,16,0,2,18,20,0,1,18,19,0,2,17,19,0,2,23,25
E05000519,"Ham, Petersham and Richmond Rive",Richmond upon Thames,0,3,28,31,1,6,25,32,0,10,23,33,0,1,26,27,1,3,35,39
E05000520,Hampton,Richmond upon Thames,0,9,19,28,0,4,37,41,0,3,29,32,0,1,33,34,1,3,46,50
E05000521,Hampton North,Richmond upon Thames,0,2,8,10,0,0,12,12,0,4,7,11,0,1,7,8,0,1,11,12
E05000522,Hampton Wick,Richmond upon Thames,0,2,14,16,0,2,15,17,0,0,13,13,0,2,8,10,0,1,26,27
E05000523,Heathfield,Richmond upon Thames,0,3,16,19,0,2,15,17,0,1,14,15,0,2,20,22,0,2,23,25
E05000524,Kew,Richmond upon Thames,0,2,18,20,0,3,11,14,0,1,20,21,0,2,29,31,0,2,29,31
E05000525,Mortlake and Barnes Common,Richmond upon Thames,0,6,24,30,0,3,21,24,0,3,17,20,0,3,25,28,0,4,17,21
E05000526,North Richmond,Richmond upon Thames,0,1,31,32,0,5,29,34,1,3,29,33,0,2,33,35,1,1,29,31
E05000527,St Margarets and North Twickenha,Richmond upon Thames,0,6,27,33,1,6,34,41,0,4,34,38,0,5,45,50,0,4,37,41
E05000528,South Richmond,Richmond upon Thames,0,6,31,37,0,7,41,48,0,3,33,36,0,3,24,27,0,4,35,39
E05000529,South Twickenham,Richmond upon Thames,0,3,12,15,0,1,14,15,0,2,24,26,0,3,18,21,0,3,12,15
E05000530,Teddington,Richmond upon Thames,0,2,22,24,0,2,15,17,0,2,21,23,0,0,20,20,0,4,20,24
E05000531,Twickenham Riverside,Richmond upon Thames,0,6,25,31,0,7,32,39,0,5,16,21,0,2,25,27,0,1,26,27
E05000532,West Twickenham,Richmond upon Thames,0,6,12,18,0,1,17,18,0,2,13,15,0,1,17,18,0,4,26,30
E05000533,Whitton,Richmond upon Thames,0,2,10,12,0,4,17,21,0,1,11,12,0,1,15,16,0,1,12,13
E05000534,Brunswick Park,Southwark,0,5,26,31,0,5,27,32,0,4,25,29,0,1,21,22,0,2,36,38
E05000535,Camberwell Green,Southwark,0,4,49,53,0,4,47,51,0,5,61,66,1,5,62,68,1,2,68,71
E05000536,Cathedrals,Southwark,0,17,119,136,1,30,128,159,2,23,133,158,0,12,105,117,0,9,131,140
E05000537,Chaucer,Southwark,1,6,26,33,1,2,30,33,0,3,40,43,0,7,29,36,0,6,49,55
E05000538,College,Southwark,0,11,43,54,0,3,52,55,0,4,36,40,1,3,33,37,0,4,35,39
E05000539,East Dulwich,Southwark,0,3,26,29,0,1,22,23,0,1,21,22,0,0,19,19,0,2,30,32
E05000540,East Walworth,Southwark,0,18,77,95,1,10,85,96,0,11,71,82,1,12,95,108,0,3,84,87
E05000541,Faraday,Southwark,1,4,16,21,0,4,20,24,0,1,27,28,0,2,17,19,0,3,32,35
E05000542,Grange,Southwark,1,4,20,25,0,2,31,33,0,3,28,31,0,1,30,31,0,2,29,31
E05000543,Livesey,Southwark,0,10,61,71,0,6,62,68,0,5,47,52,1,7,49,57,1,4,66,71
E05000544,Newington,Southwark,0,11,47,58,0,7,46,53,0,7,41,48,0,6,30,36,1,3,45,49
E05000545,Nunhead,Southwark,0,7,33,40,0,10,41,51,0,2,35,37,0,1,31,32,0,2,34,36
E05000546,Peckham,Southwark,1,6,23,30,0,4,21,25,1,6,22,29,0,3,18,21,0,1,32,33
E05000547,Peckham Rye,Southwark,1,1,30,32,0,1,20,21,0,4,24,28,0,1,27,28,0,2,24,26
E05000548,Riverside,Southwark,1,9,49,59,1,8,51,60,0,12,46,58,1,4,42,47,0,3,50,53
E05000549,Rotherhithe,Southwark,0,7,43,50,0,2,49,51,0,1,29,30,0,1,39,40,0,1,29,30
E05000550,South Bermondsey,Southwark,0,4,27,31,0,4,25,29,0,4,26,30,0,2,26,28,0,0,41,41
E05000551,South Camberwell,Southwark,0,1,12,13,0,1,6,7,1,4,13,18,0,1,14,15,0,1,15,16
E05000552,Surrey Docks,Southwark,0,1,7,8,0,0,4,4,0,0,10,10,0,1,3,4,0,2,7,9
E05000553,The Lane,Southwark,1,15,69,85,0,7,64,71,0,5,64,69,0,6,62,68,1,6,83,90
E05000554,Village,Southwark,0,10,30,40,0,3,28,31,0,3,34,37,0,4,31,35,1,0,35,36
E05000555,Beddington North,Sutton,0,2,22,24,1,4,16,21,0,1,22,23,0,2,22,24,0,1,18,19
E05000556,Beddington South,Sutton,0,2,19,21,1,3,19,23,0,1,21,22,0,1,17,18,0,1,14,15
E05000557,Belmont,Sutton,0,1,11,12,0,5,14,19,0,4,8,12,0,1,11,12,0,2,6,8
E05000558,Carshalton Central,Sutton,1,3,25,29,0,2,23,25,0,5,18,23,1,3,19,23,0,2,17,19
E05000559,Carshalton South and Clockhouse,Sutton,0,0,8,8,0,5,18,23,0,2,13,15,0,0,22,22,0,3,10,13
E05000560,Cheam,Sutton,0,4,21,25,0,2,25,27,0,1,22,23,0,1,22,23,0,0,29,29
E05000561,Nonsuch,Sutton,0,0,19,19,0,2,24,26,0,3,27,30,0,4,23,27,0,0,19,19
E05000562,St Helier,Sutton,0,4,17,21,0,0,36,36,2,2,34,38,1,2,29,32,1,3,32,36
E05000563,Stonecot,Sutton,1,9,26,36,1,1,21,23,0,2,18,20,0,1,30,31,0,1,21,22
E05000564,Sutton Central,Sutton,0,5,36,41,0,1,34,35,0,3,33,36,0,1,26,27,0,1,34,35
E05000565,Sutton North,Sutton,0,3,28,31,0,2,19,21,0,3,17,20,0,1,25,26,0,3,19,22
E05000566,Sutton South,Sutton,0,0,9,9,0,1,9,10,0,1,5,6,0,0,14,14,0,0,9,9
E05000567,Sutton West,Sutton,0,0,16,16,0,3,24,27,0,1,13,14,0,2,26,28,1,1,24,26
E05000568,The Wrythe,Sutton,0,0,13,13,0,1,12,13,0,1,14,15,0,1,8,9,0,1,13,14
E05000569,Wallington North,Sutton,0,2,22,24,1,3,20,24,0,5,26,31,0,3,13,16,0,3,15,18
E05000570,Wallington South,Sutton,0,1,28,29,0,0,23,23,0,2,17,19,0,1,24,25,0,1,17,18
E05000571,Wandle Valley,Sutton,0,2,13,15,0,3,15,18,0,2,11,13,0,0,15,15,1,1,23,25
E05000572,Worcester Park,Sutton,0,5,8,13,0,0,8,8,0,1,15,16,0,1,15,16,0,1,16,17
E05009317,Bethnal Green,Tower Hamlets,0,1,32,33,0,2,40,42,0,6,43,49,1,4,35,40,1,6,50,57
E05009318,Blackwall and Cubitt Town,Tower Hamlets,2,3,15,20,0,2,18,20,0,3,15,18,0,1,17,18,0,1,21,22
E05009319,Bow East,Tower Hamlets,0,7,45,52,1,6,34,41,0,5,30,35,0,4,44,48,0,3,34,37
E05009320,Bow West,Tower Hamlets,0,4,37,41,1,5,50,56,0,8,34,42,0,1,37,38,0,4,43,47
E05009321,Bromley North,Tower Hamlets,1,5,30,36,2,3,33,38,0,8,26,34,1,6,41,48,1,6,42,49
E05009322,Bromley South,Tower Hamlets,0,0,20,20,0,2,13,15,0,2,25,27,0,4,21,25,0,0,17,17
E05009323,Canary Wharf,Tower Hamlets,0,2,26,28,0,2,21,23,0,8,26,34,1,2,18,21,0,3,31,34
E05009324,Island Gardens,Tower Hamlets,1,2,13,16,0,1,6,7,0,1,9,10,0,1,9,10,0,0,16,16
E05009325,Lansbury,Tower Hamlets,0,4,45,49,0,2,42,44,0,5,40,45,0,3,33,36,1,2,47,50
E05009326,Limehouse,Tower Hamlets,0,2,24,26,0,4,14,18,0,4,17,21,0,3,37,40,0,3,20,23
E05009327,Mile End,Tower Hamlets,0,3,67,70,0,6,46,52,1,8,53,62,1,4,65,70,0,4,64,68
E05009328,Poplar,Tower Hamlets,0,4,38,42,0,3,50,53,1,3,47,51,0,7,53,60,1,4,75,80
E05009329,St Dunstan's,Tower Hamlets,1,2,30,33,1,0,27,28,0,5,30,35,0,1,34,35,0,3,42,45
E05009330,St Katharine's and Wapping,Tower Hamlets,0,1,51,52,0,7,40,47,0,13,42,55,0,4,42,46,1,1,48,50
E05009331,St Peter's,Tower Hamlets,1,6,47,54,2,13,50,65,1,18,60,79,0,2,60,62,0,3,61,64
E05009332,Shadwell,Tower Hamlets,0,4,46,50,0,6,67,73,1,13,60,74,0,6,66,72,1,6,92,99
E05009333,Spitalfields and Banglatown,Tower Hamlets,0,13,63,76,0,11,68,79,0,17,83,100,1,10,65,76,0,9,82,91
E05009334,Stepney Green,Tower Hamlets,0,4,19,23,0,1,34,35,0,4,22,26,0,3,42,45,0,4,23,27
E05009335,Weavers,Tower Hamlets,0,5,35,40,0,6,24,30,0,9,56,65,0,1,38,39,0,8,45,53
E05009336,Whitechapel,Tower Hamlets,0,13,96,109,1,13,107,121,1,19,115,135,1,13,89,103,1,9,107,117
E05000590,Cann Hall,Waltham Forest,0,2,5,7,0,0,13,13,0,5,16,21,0,1,9,10,0,1,23,24
E05000591,Cathall,Waltham Forest,0,0,21,21,0,4,19,23,0,1,22,23,0,1,19,20,0,3,26,29
E05000592,Chapel End,Waltham Forest,0,4,43,47,0,1,26,27,0,2,28,30,0,2,30,32,0,2,49,51
E05000593,Chingford Green,Waltham Forest,1,2,14,17,0,3,21,24,0,1,21,22,0,1,14,15,0,2,8,10
E05000594,Endlebury,Waltham Forest,1,3,23,27,0,0,13,13,0,2,13,15,0,1,12,13,0,0,24,24
E05000595,Forest,Waltham Forest,0,4,27,31,0,6,37,43,0,3,38,41,0,2,30,32,0,2,48,50
E05000596,Grove Green,Waltham Forest,0,0,24,24,0,2,14,16,0,5,15,20,0,2,17,19,0,2,15,17
E05000597,Hale End and Highams Park,Waltham Forest,0,3,31,34,0,3,34,37,0,3,28,31,0,1,20,21,0,2,41,43
E05000598,Hatch Lane,Waltham Forest,0,1,16,17,0,1,22,23,0,0,15,15,0,1,12,13,0,3,14,17
E05000599,High Street,Waltham Forest,0,4,34,38,1,4,45,50,0,11,31,42,0,4,26,30,0,4,56,60
E05000600,Higham Hill,Waltham Forest,0,1,22,23,2,4,33,39,0,4,24,28,0,1,14,15,0,3,32,35
E05000601,Hoe Street,Waltham Forest,0,6,28,34,0,5,38,43,0,0,23,23,0,5,23,28,0,2,29,31
E05000602,Larkswood,Waltham Forest,0,1,14,15,0,2,11,13,0,1,11,12,0,1,14,15,0,2,11,13
E05000603,Lea Bridge,Waltham Forest,0,6,79,85,0,7,75,82,1,7,60,68,0,8,70,78,1,6,99,106
E05000604,Leyton,Waltham Forest,0,8,43,51,0,5,47,52,0,3,43,46,1,3,47,51,0,6,54,60
E05000605,Leytonstone,Waltham Forest,0,2,38,40,0,6,31,37,0,4,28,32,1,2,23,26,0,2,34,36
E05000606,Markhouse,Waltham Forest,0,2,21,23,1,1,25,27,0,4,23,27,0,1,20,21,0,0,27,27
E05000607,Valley,Waltham Forest,0,4,32,36,0,2,32,34,0,1,46,47,0,5,42,47,1,4,38,43
E05000608,William Morris,Waltham Forest,0,4,23,27,0,2,23,25,0,3,29,32,0,4,28,32,0,4,26,30
E05000609,Wood Street,Waltham Forest,0,2,33,35,0,5,38,43,0,4,30,34,1,3,35,39,0,4,47,51
E05000610,Balham,Wandsworth,0,9,41,50,0,3,37,40,0,6,43,49,0,7,48,55,0,4,46,50
E05000611,Bedford,Wandsworth,0,1,28,29,0,4,48,52,0,2,40,42,0,4,35,39,0,5,27,32
E05000612,Earlsfield,Wandsworth,0,5,37,42,0,1,27,28,0,7,24,31,0,3,30,33,0,0,38,38
E05000613,East Putney,Wandsworth,1,3,63,67,1,7,64,72,0,6,73,79,1,8,56,65,0,5,61,66
E05000614,Fairfield,Wandsworth,0,9,56,65,2,6,58,66,0,8,58,66,0,3,36,39,0,4,70,74
E05000615,Furzedown,Wandsworth,0,3,16,19,0,5,27,32,0,1,23,24,0,2,16,18,0,2,33,35
E05000616,Graveney,Wandsworth,0,3,48,51,0,6,59,65,2,7,47,56,0,7,45,52,0,3,60,63
E05000617,Latchmere,Wandsworth,0,5,46,51,0,8,47,55,0,9,55,64,0,5,37,42,0,4,61,65
E05000618,Nightingale,Wandsworth,0,4,50,54,0,6,53,59,1,6,47,54,0,1,31,32,0,4,50,54
E05000619,Northcote,Wandsworth,0,9,46,55,0,6,61,67,1,10,74,85,0,11,52,63,0,7,65,72
E05000620,Queenstown,Wandsworth,1,10,57,68,1,5,52,58,0,6,49,55,1,3,55,59,0,13,58,71
E05000621,Roehampton and Putney Heath,Wandsworth,0,8,58,66,0,12,63,75,0,3,49,52,1,12,49,62,0,2,56,58
E05000622,St Mary's Park,Wandsworth,0,10,49,59,0,8,33,41,0,6,47,53,0,4,44,48,0,2,66,68
E05000623,Shaftesbury,Wandsworth,0,2,29,31,0,5,27,32,0,4,49,53,0,5,35,40,0,2,44,46
E05000624,Southfields,Wandsworth,0,1,35,36,0,4,26,30,0,1,40,41,0,3,24,27,0,3,32,35
E05000625,Thamesfield,Wandsworth,0,4,35,39,0,5,34,39,1,5,48,54,0,7,44,51,0,6,43,49
E05000626,Tooting,Wandsworth,0,7,61,68,0,5,82,87,0,11,85,96,1,5,96,102,0,10,63,73
E05000627,Wandsworth Common,Wandsworth,1,5,28,34,0,5,30,35,0,2,32,34,0,3,31,34,0,4,37,41
E05000628,West Hill,Wandsworth,0,4,17,21,0,1,14,15,0,1,16,17,1,1,8,10,0,1,15,16
E05000629,West Putney,Wandsworth,0,3,16,19,0,4,21,25,0,4,14,18,0,5,25,30,0,1,27,28
E05000630,Abbey Road,Westminster,0,5,28,33,0,3,23,26,0,4,27,31,0,4,20,24,0,4,24,28
E05000631,Bayswater,Westminster,0,3,17,20,0,0,20,20,1,2,21,24,0,1,25,26,0,3,19,22
E05000632,Bryanston and Dorset Square,Westminster,0,8,67,75,0,8,81,89,1,4,77,82,0,8,75,83,0,10,66,76
E05000633,Churchill,Westminster,0,3,18,21,0,2,16,18,0,2,20,22,0,2,16,18,0,4,19,23
E05000634,Church Street,Westminster,0,1,22,23,0,2,29,31,0,0,30,30,0,2,28,30,0,2,28,30
E05000635,Harrow Road,Westminster,0,4,26,30,0,1,18,19,0,4,28,32,0,6,31,37,1,1,27,29
E05000636,Hyde Park,Westminster,0,9,68,77,0,3,58,61,0,10,71,81,0,10,58,68,0,10,84,94
E05000637,Knightsbridge and Belgravia,Westminster,0,21,130,151,2,15,116,133,1,24,135,160,1,17,142,160,0,8,142,150
E05000638,Lancaster Gate,Westminster,0,5,35,40,0,5,25,30,0,6,23,29,0,2,35,37,0,3,38,41
E05000639,Little Venice,Westminster,0,4,44,48,0,1,48,49,1,8,48,57,1,5,46,52,0,6,60,66
E05000640,Maida Vale,Westminster,0,5,21,26,0,4,19,23,0,2,20,22,0,5,28,33,0,1,20,21
E05000641,Marylebone High Street,Westminster,0,12,89,101,0,8,86,94,0,11,91,102,1,15,84,100,0,9,103,112
E05000642,Queen's Park,Westminster,0,0,14,14,0,1,11,12,0,0,9,9,0,4,10,14,0,1,19,20
E05000643,Regent's Park,Westminster,0,11,55,66,1,6,69,76,0,7,78,85,0,8,56,64,0,6,71,77
E05000644,St James's,Westminster,2,42,259,303,1,43,310,354,2,53,298,353,1,32,295,328,2,32,315,349
E05000645,Tachbrook,Westminster,1,5,19,25,0,6,35,41,0,2,29,31,0,5,33,38,0,3,45,48
E05000646,Vincent Square,Westminster,0,2,33,35,1,3,32,36,0,7,32,39,0,7,37,44,0,1,48,49
E05000647,Warwick,Westminster,0,4,57,61,0,3,38,41,0,3,38,41,0,1,47,48,0,4,45,49
E05000648,Westbourne,Westminster,0,3,20,23,0,4,28,32,2,5,31,38,1,3,38,42,1,1,45,47
E05000649,West End,Westminster,1,32,206,239,1,32,232,265,1,28,250,279,1,33,242,276,2,24,238,264
Not geocoded,n/a,n/a,0,4,42,46,0,5,26,31,1,3,43,47,1,2,31,34,3,1,43,47
E12000007,London,London,124,2627,21394,24145,155,2550,21763,24468,134,2793,21170,24097,126,2112,20859,23097,128,1979,23923,26030